Layer #,Time
0,2.30545
1,1.22188
2,1.21367
3,1.79773
4,1.21191
