Layer #,Time
0,4.58434
1,4.80922
2,0.90744
3,1.88088
4,0.710124
