Layer #,Time
0,9.12343
1,1.47479
2,0.875041
3,1.45911
4,0.871964
