Layer #,Time
0,1.4641
1,9.3312
2,1.16813
3,0.876096
4,1.16813
