Layer #,Time
0,0.841347
1,3.78796
2,0.649889
3,1.21367
4,0.627841
