Layer #,Time
0,3.12024
1,2.47642
2,0.90744
3,1.00478
4,0.746628
