Layer #,Time
0,4.73113
1,2.64119
2,0.907489
3,1.16707
4,0.871964
