Layer #,Time
0,8.17696
1,7.14763
2,1.7675
3,2.74094
4,1.31006
