Layer #,Time
0,13.3908
1,4.28506
2,1.96179
3,2.54586
4,1.65402
