Layer #,Time
0,3.00099
1,5.32083
2,1.19882
3,1.76261
4,1.00173
