Layer #,Time
0,4.66474
1,2.75475
2,1.76261
3,2.34667
4,1.58579
