Layer #,Time
0,6.71286
1,7.14763
2,1.7675
3,2.74094
4,1.31006
