Layer #,Time
0,6.92148
1,5.45146
2,1.99424
3,2.25382
4,1.65402
