Layer #,Time
0,6.71286
1,4.81483
2,1.7675
3,1.86485
4,1.34657
