Layer #,Time
0,2.19669
1,1.16675
2,1.16828
3,1.75234
4,1.16825
