Layer #,Time
0,2.92907
1,4.66619
2,0.779046
3,1.75248
4,0.584305
