Layer #,Time
0,1.75779
1,2.33339
2,0.779046
3,0.87639
4,0.620809
