Layer #,Time
0,4.39345
1,1.16725
2,0.584564
3,1.16863
4,0.584502
