Layer #,Time
0,2.31641
1,2.33365
2,0.617012
3,0.876596
4,0.584502
