Layer #,Time
0,0.95832
1,1.7496
2,1.03834
3,1.16813
4,1.16813
