Layer #,Time
0,0.732592
1,3.73283
2,0.604495
3,1.16828
4,0.58418
