Layer #,Time
0,2.92907
1,2.33339
2,0.779046
3,0.87639
4,0.620809
